DATE,DGS6MO,DTB1YR,DGS5,DGS10
2017/1/3,0.65,0.87,1.94,2.45
2017/1/4,0.63,0.85,1.94,2.46
2017/1/5,0.62,0.81,1.86,2.37
2017/1/6,0.61,0.83,1.92,2.42
2017/1/9,0.6,0.8,1.89,2.38
2017/1/10,0.6,0.8,1.89,2.38
2017/1/11,0.6,0.8,1.89,2.38
2017/1/12,0.59,0.79,1.87,2.36
2017/1/13,0.61,0.79,1.9,2.4
2017/1/17,0.62,0.77,1.84,2.33
2017/1/18,0.63,0.79,1.93,2.42
2017/1/19,0.62,0.8,1.97,2.47
2017/1/20,0.62,0.79,1.95,2.48
2017/1/23,0.59,0.76,1.88,2.41
2017/1/24,0.62,0.77,1.94,2.47
2017/1/25,0.61,0.78,1.99,2.53
2017/1/26,0.62,0.78,1.95,2.51
2017/1/27,0.63,0.78,1.94,2.49
2017/1/30,0.63,0.77,1.94,2.49
2017/1/31,0.64,0.82,1.9,2.45
2017/2/1,0.65,0.81,1.93,2.48
2017/2/2,0.64,0.82,1.92,2.48
2017/2/3,0.63,0.8,1.93,2.49
2017/2/6,0.62,0.77,1.86,2.42
2017/2/7,0.63,0.78,1.85,2.4
2017/2/8,0.63,0.77,1.81,2.34
2017/2/9,0.64,0.78,1.88,2.4
2017/2/10,0.64,0.79,1.89,2.41
2017/2/13,0.63,0.79,1.92,2.43
2017/2/14,0.66,0.81,1.98,2.47
2017/2/15,0.67,0.83,2.01,2.51
2017/2/16,0.66,0.79,1.95,2.45
2017/2/17,0.66,0.79,1.92,2.42
2017/2/21,0.69,0.79,1.93,2.43
2017/2/22,0.68,0.78,1.92,2.42
2017/2/23,0.66,0.77,1.87,2.38
2017/2/24,0.65,0.77,1.8,2.31
2017/2/27,0.68,0.77,1.87,2.36
2017/2/28,0.69,0.86,1.89,2.36
2017/3/1,0.79,0.9,1.99,2.46
2017/3/2,0.84,0.96,2.03,2.49
2017/3/3,0.84,0.96,2.02,2.49
2017/3/6,0.83,0.95,2.02,2.49
2017/3/7,0.87,0.99,2.05,2.52
2017/3/8,0.86,1,2.08,2.57
2017/3/9,0.88,1.01,2.13,2.6
2017/3/10,0.89,1,2.11,2.58
2017/3/13,0.93,1.03,2.14,2.62
2017/3/14,0.93,1.03,2.13,2.6
2017/3/15,0.89,0.99,2.02,2.51
2017/3/16,0.89,0.98,2.05,2.53
2017/3/17,0.87,0.97,2.03,2.5
2017/3/20,0.89,0.97,2,2.47
2017/3/21,0.91,0.97,1.96,2.43
2017/3/22,0.9,0.95,1.95,2.4
2017/3/23,0.9,0.95,1.95,2.41
2017/3/24,0.89,0.96,1.93,2.4
2017/3/27,0.91,0.96,1.93,2.38
2017/3/28,0.92,1.01,1.97,2.42
2017/3/29,0.92,1.02,1.93,2.39
2017/3/30,0.91,1.01,1.96,2.42
2017/3/31,0.91,1.01,1.93,2.4
2017/4/3,0.92,1,1.88,2.35
2017/4/4,0.92,1,1.88,2.36
2017/4/5,0.93,1,1.85,2.34
2017/4/6,0.94,1.02,1.87,2.34
2017/4/7,0.95,1.05,1.92,2.38
2017/4/10,0.97,1.04,1.91,2.37
2017/4/11,0.94,1.02,1.84,2.32
2017/4/12,0.95,1.01,1.81,2.28
2017/4/13,0.94,1,1.77,2.24
2017/4/17,0.94,1.01,1.79,2.26
2017/4/18,0.94,0.99,1.71,2.18
2017/4/19,0.94,0.99,1.74,2.21
2017/4/20,0.93,0.98,1.78,2.24
2017/4/21,0.92,0.96,1.77,2.24
2017/4/24,0.96,0.99,1.81,2.28
2017/4/25,0.98,1.07,1.87,2.35
2017/4/26,0.99,1.05,1.84,2.32
2017/4/27,0.98,1.04,1.81,2.3
2017/4/28,0.99,1.05,1.81,2.29
2017/5/1,0.98,1.06,1.84,2.33
2017/5/2,0.99,1.05,1.81,2.29
2017/5/3,1,1.07,1.86,2.33
2017/5/4,1,1.08,1.88,2.36
2017/5/5,1.01,1.07,1.89,2.36
2017/5/8,1.02,1.09,1.91,2.39
2017/5/9,1.04,1.11,1.94,2.42
2017/5/10,1.04,1.1,1.94,2.41
2017/5/11,1.04,1.1,1.93,2.39
2017/5/12,1.03,1.08,1.85,2.33
2017/5/15,1.02,1.08,1.86,2.34
2017/5/16,1.04,1.08,1.86,2.33
2017/5/17,1,1.05,1.76,2.22
2017/5/18,1.02,1.06,1.78,2.23
2017/5/19,1.03,1.07,1.79,2.23
2017/5/22,1.05,1.08,1.8,2.25
2017/5/23,1.08,1.12,1.84,2.29
2017/5/24,1.07,1.15,1.79,2.26
2017/5/25,1.08,1.13,1.78,2.25
2017/5/26,1.08,1.14,1.79,2.25
2017/5/30,1.07,1.13,1.76,2.21
2017/5/31,1.08,1.14,1.75,2.21
2017/6/1,1.07,1.13,1.76,2.21
2017/6/2,1.06,1.13,1.71,2.15
2017/6/5,1.06,1.13,1.74,2.18
2017/6/6,1.08,1.13,1.71,2.14
2017/6/7,1.09,1.14,1.74,2.18
2017/6/8,1.11,1.16,1.75,2.19
2017/6/9,1.13,1.17,1.77,2.21
2017/6/12,1.09,1.16,1.78,2.21
2017/6/13,1.12,1.18,1.79,2.21
2017/6/14,1.12,1.17,1.74,2.15
2017/6/15,1.13,1.18,1.76,2.16
2017/6/16,1.13,1.18,1.75,2.16
2017/6/19,1.13,1.18,1.8,2.19
2017/6/20,1.14,1.19,1.77,2.16
2017/6/21,1.12,1.19,1.78,2.16
2017/6/22,1.1,1.19,1.76,2.15
2017/6/23,1.1,1.18,1.77,2.15
2017/6/26,1.1,1.17,1.77,2.14
2017/6/27,1.13,1.19,1.83,2.21
2017/6/28,1.12,1.18,1.81,2.22
2017/6/29,1.14,1.2,1.85,2.27
2017/6/30,1.14,1.21,1.89,2.31
2017/7/3,1.13,1.21,1.93,2.35
2017/7/5,1.15,1.21,1.92,2.33
2017/7/6,1.14,1.2,1.94,2.37
2017/7/7,1.14,1.19,1.95,2.39
2017/7/10,1.13,1.19,1.93,2.38
2017/7/11,1.14,1.17,1.92,2.37
2017/7/12,1.13,1.18,1.88,2.33
2017/7/13,1.14,1.19,1.89,2.35
2017/7/14,1.12,1.18,1.87,2.33
2017/7/17,1.1,1.18,1.86,2.31
2017/7/18,1.11,1.16,1.82,2.27
2017/7/19,1.12,1.2,1.83,2.27
2017/7/20,1.12,1.19,1.82,2.27
2017/7/21,1.1,1.19,1.81,2.24
2017/7/24,1.12,1.2,1.83,2.26
2017/7/25,1.15,1.21,1.9,2.33
2017/7/26,1.14,1.2,1.83,2.29
2017/7/27,1.13,1.19,1.84,2.32
2017/7/28,1.13,1.19,1.83,2.3
2017/7/31,1.13,1.2,1.84,2.3
2017/8/1,1.15,1.19,1.8,2.26
2017/8/2,1.15,1.21,1.82,2.27
2017/8/3,1.13,1.19,1.79,2.24
2017/8/4,1.14,1.2,1.82,2.27
2017/8/7,1.14,1.19,1.81,2.26
2017/8/8,1.16,1.21,1.84,2.29
2017/8/9,1.15,1.18,1.81,2.24
2017/8/10,1.14,1.19,1.78,2.2
2017/8/11,1.14,1.18,1.74,2.19
2017/8/14,1.13,1.19,1.77,2.22
2017/8/15,1.16,1.2,1.83,2.27
2017/8/16,1.13,1.21,1.79,2.23
2017/8/17,1.11,1.21,1.76,2.19
2017/8/18,1.13,1.21,1.77,2.19
2017/8/21,1.11,1.2,1.76,2.18
2017/8/22,1.13,1.21,1.8,2.22
2017/8/23,1.11,1.19,1.76,2.17
2017/8/24,1.11,1.2,1.78,2.19
2017/8/25,1.11,1.2,1.77,2.17
2017/8/28,1.12,1.21,1.74,2.16
2017/8/29,1.13,1.2,1.7,2.13
2017/8/30,1.11,1.2,1.72,2.15
2017/8/31,1.08,1.2,1.7,2.12
2017/9/1,1.1,1.21,1.73,2.16
2017/9/5,1.13,1.2,1.65,2.07
2017/9/6,1.17,1.21,1.69,2.1
2017/9/7,1.15,1.18,1.63,2.05
2017/9/8,1.14,1.19,1.64,2.06
2017/9/11,1.16,1.21,1.71,2.14
2017/9/12,1.16,1.24,1.75,2.17
2017/9/13,1.16,1.24,1.78,2.2
2017/9/14,1.17,1.25,1.79,2.2
2017/9/15,1.17,1.27,1.81,2.2
2017/9/18,1.18,1.27,1.83,2.23
2017/9/19,1.19,1.28,1.84,2.24
2017/9/20,1.2,1.29,1.89,2.28
2017/9/21,1.19,1.28,1.89,2.27
2017/9/22,1.19,1.27,1.88,2.26
2017/9/25,1.19,1.27,1.85,2.22
2017/9/26,1.19,1.28,1.87,2.24
2017/9/27,1.2,1.29,1.91,2.31
2017/9/28,1.18,1.27,1.89,2.31
2017/9/29,1.2,1.27,1.92,2.33
2017/10/2,1.22,1.27,1.94,2.34
2017/10/3,1.21,1.28,1.92,2.33
2017/10/4,1.21,1.29,1.92,2.33
2017/10/5,1.21,1.31,1.94,2.35
2017/10/6,1.22,1.31,1.97,2.37
2017/10/10,1.26,1.39,1.95,2.35
2017/10/11,1.25,1.37,1.95,2.35
2017/10/12,1.27,1.38,1.95,2.33
2017/10/13,1.26,1.36,1.91,2.28
2017/10/16,1.24,1.38,1.95,2.3
2017/10/17,1.25,1.37,1.97,2.3
2017/10/18,1.24,1.38,1.99,2.34
2017/10/19,1.25,1.37,1.98,2.33
2017/10/20,1.27,1.39,2.03,2.39
2017/10/23,1.25,1.38,2.01,2.38
2017/10/24,1.27,1.39,2.05,2.42
2017/10/25,1.27,1.39,2.06,2.44
2017/10/26,1.29,1.39,2.07,2.46
2017/10/27,1.28,1.38,2.03,2.42
2017/10/30,1.24,1.38,2,2.37
2017/10/31,1.28,1.39,2.01,2.38
2017/11/1,1.3,1.42,2.01,2.37
2017/11/2,1.29,1.41,2,2.35
2017/11/3,1.31,1.44,1.99,2.34
2017/11/6,1.3,1.45,1.99,2.32
2017/11/7,1.33,1.45,1.99,2.32
2017/11/8,1.35,1.49,2.01,2.32
2017/11/9,1.36,1.49,2.01,2.33
2017/11/10,1.37,1.5,2.06,2.4
2017/11/13,1.37,1.51,2.08,2.4
2017/11/14,1.4,1.51,2.06,2.38
2017/11/15,1.39,1.51,2.04,2.33
2017/11/16,1.42,1.55,2.07,2.37
2017/11/17,1.42,1.56,2.06,2.35
2017/11/20,1.46,1.57,2.09,2.37
2017/11/21,1.45,1.57,2.11,2.36
2017/11/22,1.45,1.56,2.05,2.32
2017/11/24,1.45,1.56,2.07,2.34
2017/11/27,1.41,1.57,2.06,2.32
2017/11/28,1.46,1.56,2.07,2.34
2017/11/29,1.45,1.56,2.09,2.37
2017/11/30,1.44,1.57,2.14,2.42
2017/12/1,1.45,1.57,2.13,2.37
2017/12/4,1.45,1.61,2.15,2.37
2017/12/5,1.48,1.6,2.15,2.36
2017/12/6,1.48,1.64,2.11,2.33
2017/12/7,1.47,1.63,2.14,2.37
2017/12/8,1.45,1.61,2.14,2.38
2017/12/11,1.47,1.64,2.16,2.39
2017/12/12,1.49,1.65,2.18,2.4
2017/12/13,1.47,1.63,2.12,2.36
2017/12/14,1.48,1.65,2.14,2.35
2017/12/15,1.48,1.66,2.16,2.35
2017/12/18,1.51,1.65,2.17,2.39
2017/12/19,1.51,1.66,2.23,2.46
2017/12/20,1.51,1.67,2.24,2.49
2017/12/21,1.54,1.68,2.26,2.48
2017/12/22,1.54,1.68,2.26,2.48
2017/12/26,1.52,1.69,2.25,2.47
2017/12/27,1.53,1.69,2.22,2.42
2017/12/28,1.54,1.7,2.23,2.43
2017/12/29,1.53,1.7,2.2,2.4
2018/1/2,1.61,1.78,2.25,2.46
2018/1/3,1.59,1.76,2.25,2.44
2018/1/4,1.6,1.77,2.27,2.46
2018/1/5,1.58,1.75,2.29,2.47
2018/1/8,1.6,1.74,2.29,2.49
2018/1/9,1.6,1.73,2.33,2.55
2018/1/10,1.59,1.73,2.32,2.55
2018/1/11,1.58,1.72,2.32,2.54
2018/1/12,1.59,1.73,2.35,2.55
2018/1/16,1.63,1.73,2.36,2.54
2018/1/17,1.63,1.73,2.39,2.57
2018/1/18,1.63,1.73,2.43,2.62
2018/1/19,1.62,1.73,2.45,2.64
2018/1/22,1.65,1.73,2.46,2.66
2018/1/23,1.63,1.72,2.43,2.63
2018/1/24,1.63,1.73,2.43,2.65
2018/1/25,1.64,1.74,2.41,2.63
2018/1/26,1.64,1.73,2.47,2.66
2018/1/29,1.66,1.73,2.49,2.7
2018/1/30,1.66,1.83,2.51,2.73
2018/1/31,1.66,1.85,2.52,2.72
2018/2/1,1.64,1.84,2.56,2.78
2018/2/2,1.65,1.83,2.58,2.84
2018/2/5,1.67,1.8,2.5,2.77
2018/2/6,1.69,1.82,2.52,2.79
2018/2/7,1.73,1.85,2.57,2.84
2018/2/8,1.73,1.85,2.57,2.85
2018/2/9,1.73,1.83,2.52,2.83
2018/2/12,1.82,1.87,2.56,2.86
2018/2/13,1.8,1.89,2.54,2.83
2018/2/14,1.81,1.92,2.65,2.91
2018/2/15,1.82,1.93,2.65,2.9
2018/2/16,1.83,1.94,2.63,2.87
2018/2/20,1.87,1.94,2.65,2.88
2018/2/21,1.85,1.96,2.69,2.94
2018/2/22,1.84,1.95,2.66,2.92
2018/2/23,1.85,1.95,2.62,2.88
2018/2/26,1.87,1.96,2.6,2.86
2018/2/27,1.87,2.02,2.67,2.9
2018/2/28,1.86,2.01,2.65,2.87
2018/3/1,1.85,1.99,2.58,2.81
2018/3/2,1.86,2,2.63,2.86
2018/3/5,1.86,2,2.65,2.88
2018/3/6,1.87,2,2.65,2.88
2018/3/7,1.87,1.99,2.65,2.89
2018/3/8,1.89,1.99,2.63,2.86
2018/3/9,1.89,1.97,2.65,2.9
2018/3/12,1.89,1.98,2.64,2.87
2018/3/13,1.9,1.97,2.62,2.84
2018/3/14,1.94,1.98,2.61,2.81
2018/3/15,1.95,2,2.62,2.82
2018/3/16,1.96,2.01,2.65,2.85
2018/3/19,1.99,2.01,2.65,2.85
2018/3/20,1.97,2.01,2.69,2.89
2018/3/21,1.95,1.99,2.69,2.89
2018/3/22,1.95,1.98,2.63,2.83
2018/3/23,1.92,1.97,2.61,2.82
2018/3/26,1.94,1.99,2.64,2.85
2018/3/27,1.93,2.04,2.58,2.78
2018/3/28,1.95,2.06,2.59,2.77
2018/3/29,1.93,2.03,2.56,2.74
2018/4/2,1.92,2.02,2.55,2.73
2018/4/3,1.92,2.03,2.6,2.79
2018/4/4,1.9,2.01,2.61,2.79
2018/4/5,1.93,2.01,2.64,2.83
2018/4/6,1.91,2,2.58,2.77
2018/4/9,1.93,2.01,2.6,2.78
2018/4/10,1.93,2.02,2.62,2.8
2018/4/11,1.95,2.02,2.62,2.79
2018/4/12,1.95,2.04,2.67,2.83
2018/4/13,1.97,2.05,2.67,2.82
2018/4/16,1.98,2.05,2.69,2.83
2018/4/17,2.02,2.08,2.68,2.82
2018/4/18,2.01,2.09,2.73,2.87
2018/4/19,2.01,2.13,2.77,2.92
2018/4/20,2.01,2.14,2.8,2.96
2018/4/23,2.04,2.16,2.83,2.98
2018/4/24,2.05,2.18,2.83,3
2018/4/25,2.03,2.19,2.84,3.03
2018/4/26,2.02,2.18,2.82,3
2018/4/27,2.02,2.17,2.8,2.96
2018/4/30,2.04,2.17,2.79,2.95
2018/5/1,2.05,2.19,2.82,2.97
2018/5/2,2.03,2.17,2.8,2.97
2018/5/3,2.02,2.17,2.78,2.94
2018/5/4,2.03,2.17,2.78,2.95
2018/5/7,2.05,2.17,2.78,2.95
2018/5/8,2.05,2.18,2.81,2.97
2018/5/9,2.05,2.19,2.84,3
2018/5/10,2.05,2.19,2.83,2.97
2018/5/11,2.06,2.2,2.84,2.97
2018/5/14,2.09,2.2,2.85,3
2018/5/15,2.09,2.22,2.92,3.08
2018/5/16,2.09,2.23,2.94,3.09
2018/5/17,2.1,2.23,2.94,3.11
2018/5/18,2.09,2.23,2.9,3.06
2018/5/21,2.14,2.26,2.9,3.06
2018/5/22,2.13,2.27,2.9,3.06
2018/5/23,2.11,2.22,2.83,3.01
2018/5/24,2.09,2.21,2.82,2.98
2018/5/25,2.07,2.2,2.76,2.93
2018/5/29,2.06,2.1,2.58,2.77
2018/5/30,2.08,2.16,2.67,2.84
2018/5/31,2.08,2.16,2.68,2.83
2018/6/1,2.1,2.21,2.74,2.89
2018/6/4,2.13,2.22,2.78,2.94
2018/6/5,2.13,2.24,2.76,2.92
2018/6/6,2.13,2.24,2.81,2.97
2018/6/7,2.12,2.23,2.77,2.93
2018/6/8,2.12,2.22,2.77,2.93
2018/6/11,2.11,2.24,2.8,2.96
2018/6/12,2.1,2.23,2.81,2.96
2018/6/13,2.09,2.26,2.85,2.98
2018/6/14,2.07,2.25,2.81,2.94
2018/6/15,2.07,2.25,2.81,2.93
2018/6/18,2.13,2.26,2.8,2.92
2018/6/19,2.13,2.27,2.77,2.89
2018/6/20,2.14,2.29,2.8,2.93
2018/6/21,2.12,2.27,2.77,2.9
2018/6/22,2.11,2.26,2.77,2.9
2018/6/25,2.13,2.27,2.75,2.87
2018/6/26,2.14,2.26,2.75,2.88
2018/6/27,2.1,2.25,2.71,2.83
2018/6/28,2.11,2.25,2.73,2.84
2018/6/29,2.11,2.25,2.73,2.85
2018/7/2,2.14,2.26,2.75,2.87
2018/7/3,2.12,2.25,2.72,2.83
2018/7/5,2.11,2.24,2.74,2.84
2018/7/6,2.13,2.26,2.71,2.82
2018/7/9,2.15,2.26,2.75,2.86
2018/7/10,2.15,2.27,2.77,2.87
2018/7/11,2.14,2.27,2.74,2.85
2018/7/12,2.17,2.3,2.75,2.85
2018/7/13,2.16,2.28,2.73,2.83
2018/7/16,2.19,2.3,2.75,2.85
2018/7/17,2.19,2.32,2.76,2.86
2018/7/18,2.17,2.35,2.77,2.88
2018/7/19,2.16,2.32,2.74,2.84
2018/7/20,2.16,2.33,2.77,2.89
2018/7/23,2.19,2.34,2.83,2.96
2018/7/24,2.19,2.34,2.83,2.95
2018/7/25,2.2,2.34,2.82,2.94
2018/7/26,2.19,2.33,2.86,2.98
2018/7/27,2.2,2.35,2.84,2.96
2018/7/30,2.21,2.35,2.85,2.98
2018/7/31,2.21,2.35,2.85,2.96
2018/8/1,2.22,2.36,2.87,3
2018/8/2,2.22,2.36,2.85,2.98
2018/8/3,2.23,2.35,2.82,2.95
2018/8/6,2.23,2.35,2.8,2.94
2018/8/7,2.23,2.36,2.84,2.98
2018/8/8,2.24,2.35,2.83,2.96
2018/8/9,2.25,2.35,2.8,2.93
2018/8/10,2.23,2.33,2.75,2.87
2018/8/13,2.22,2.33,2.75,2.88
2018/8/14,2.25,2.36,2.77,2.89
2018/8/15,2.23,2.37,2.73,2.86
2018/8/16,2.24,2.37,2.75,2.87
2018/8/17,2.24,2.36,2.75,2.87
2018/8/20,2.25,2.35,2.7,2.82
2018/8/21,2.25,2.37,2.73,2.85
2018/8/22,2.24,2.35,2.7,2.82
2018/8/23,2.23,2.35,2.72,2.82
2018/8/24,2.25,2.36,2.72,2.82
2018/8/27,2.25,2.38,2.74,2.85
2018/8/28,2.28,2.38,2.77,2.88
2018/8/29,2.28,2.39,2.78,2.89
2018/8/30,2.28,2.38,2.75,2.86
2018/8/31,2.28,2.38,2.74,2.86
2018/9/4,2.29,2.4,2.78,2.9
2018/9/5,2.3,2.4,2.77,2.9
2018/9/6,2.3,2.41,2.76,2.88
2018/9/7,2.3,2.43,2.82,2.94
2018/9/10,2.32,2.44,2.83,2.94
2018/9/11,2.31,2.47,2.87,2.98
2018/9/12,2.33,2.48,2.87,2.97
2018/9/13,2.33,2.47,2.87,2.97
2018/9/14,2.33,2.48,2.9,2.99
2018/9/17,2.35,2.48,2.89,2.99
2018/9/18,2.36,2.49,2.94,3.05
2018/9/19,2.36,2.49,2.96,3.08
2018/9/20,2.37,2.49,2.96,3.07
2018/9/21,2.38,2.49,2.95,3.07
2018/9/24,2.38,2.51,2.96,3.08
2018/9/25,2.38,2.5,2.99,3.1
2018/9/26,2.37,2.49,2.96,3.06
2018/9/27,2.37,2.49,2.96,3.06
2018/9/28,2.36,2.49,2.94,3.05
2018/10/1,2.4,2.5,2.96,3.09
2018/10/2,2.41,2.51,2.94,3.05
2018/10/3,2.41,2.52,3.02,3.15
2018/10/4,2.42,2.53,3.05,3.19
2018/10/5,2.41,2.54,3.07,3.23
2018/10/9,2.46,2.56,3.05,3.21
2018/10/10,2.45,2.58,3.05,3.22
2018/10/11,2.44,2.57,3,3.14
2018/10/12,2.44,2.57,3,3.15
2018/10/15,2.47,2.58,3.01,3.16
2018/10/16,2.46,2.57,3.02,3.16
2018/10/17,2.47,2.57,3.04,3.19
2018/10/18,2.47,2.58,3.03,3.17
2018/10/19,2.48,2.58,3.05,3.2
2018/10/22,2.49,2.58,3.05,3.2
2018/10/23,2.48,2.57,3.01,3.17
2018/10/24,2.47,2.55,2.94,3.1
2018/10/25,2.47,2.56,2.98,3.14
2018/10/26,2.47,2.54,2.91,3.08
2018/10/29,2.49,2.55,2.91,3.08
2018/10/30,2.48,2.56,2.94,3.12
2018/10/31,2.49,2.59,2.98,3.15
2018/11/1,2.49,2.57,2.96,3.14
2018/11/2,2.5,2.6,3.04,3.22
2018/11/5,2.51,2.6,3.03,3.2
2018/11/6,2.52,2.63,3.05,3.22
2018/11/7,2.51,2.65,3.07,3.22
2018/11/8,2.52,2.65,3.09,3.24
2018/11/9,2.52,2.64,3.05,3.19
2018/11/13,2.53,2.63,2.99,3.14
2018/11/14,2.52,2.62,2.95,3.12
2018/11/15,2.51,2.61,2.94,3.11
2018/11/16,2.5,2.59,2.9,3.08
2018/11/19,2.52,2.57,2.87,3.06
2018/11/20,2.51,2.58,2.88,3.06
2018/11/21,2.52,2.58,2.89,3.06
2018/11/23,2.52,2.58,2.88,3.05
2018/11/26,2.54,2.6,2.9,3.07
2018/11/27,2.53,2.6,2.89,3.06
2018/11/28,2.53,2.59,2.87,3.06
2018/11/29,2.52,2.59,2.85,3.03
2018/11/30,2.52,2.6,2.84,3.01
2018/12/3,2.56,2.62,2.83,2.98
2018/12/4,2.58,2.62,2.79,2.91
2018/12/6,2.56,2.61,2.75,2.87
2018/12/7,2.54,2.59,2.7,2.85
2018/12/10,2.54,2.6,2.71,2.85
2018/12/11,2.55,2.61,2.75,2.89
2018/12/12,2.56,2.61,2.77,2.91
2018/12/13,2.56,2.6,2.75,2.91
2018/12/14,2.56,2.59,2.73,2.89
2018/12/17,2.54,2.57,2.69,2.86
2018/12/18,2.53,2.55,2.65,2.82
2018/12/19,2.54,2.54,2.62,2.77
2018/12/20,2.55,2.55,2.65,2.79
2018/12/21,2.54,2.54,2.64,2.79
2018/12/24,2.52,2.53,2.58,2.74
2018/12/26,2.54,2.53,2.67,2.81
2018/12/27,2.49,2.5,2.6,2.77
2018/12/28,2.48,2.51,2.56,2.72
2018/12/31,2.56,2.54,2.51,2.69
2019/1/2,2.51,2.52,2.49,2.66
2019/1/3,2.47,2.42,2.37,2.56
2019/1/4,2.51,2.49,2.49,2.67
2019/1/7,2.54,2.5,2.53,2.7
2019/1/8,2.54,2.52,2.58,2.73
2019/1/9,2.52,2.51,2.57,2.74
2019/1/10,2.51,2.51,2.56,2.74
2019/1/11,2.5,2.5,2.52,2.71
2019/1/14,2.52,2.49,2.53,2.71
2019/1/15,2.52,2.49,2.53,2.72
2019/1/16,2.49,2.49,2.54,2.73
2019/1/17,2.5,2.49,2.58,2.75
2019/1/18,2.5,2.52,2.62,2.79
2019/1/22,2.51,2.51,2.57,2.74
2019/1/23,2.51,2.51,2.59,2.76
2019/1/24,2.5,2.5,2.55,2.72
2019/1/25,2.51,2.52,2.59,2.76
2019/1/28,2.51,2.52,2.58,2.75
2019/1/29,2.51,2.52,2.55,2.72
2019/1/30,2.5,2.49,2.49,2.7
2019/1/31,2.46,2.47,2.43,2.63
2019/2/1,2.46,2.48,2.51,2.7
2019/2/4,2.49,2.49,2.53,2.73
2019/2/5,2.5,2.48,2.51,2.71
2019/2/6,2.5,2.48,2.5,2.7
2019/2/7,2.49,2.47,2.46,2.65
2019/2/8,2.49,2.46,2.44,2.63
2019/2/11,2.51,2.47,2.47,2.65
2019/2/12,2.5,2.47,2.49,2.68
2019/2/13,2.51,2.47,2.53,2.71
2019/2/14,2.51,2.45,2.48,2.66
2019/2/15,2.5,2.47,2.49,2.66
2019/2/19,2.52,2.46,2.47,2.65
2019/2/20,2.51,2.46,2.47,2.65
2019/2/21,2.51,2.47,2.51,2.69
2019/2/22,2.51,2.47,2.47,2.65
2019/2/25,2.51,2.48,2.48,2.67
2019/2/26,2.51,2.47,2.45,2.64
2019/2/27,2.52,2.46,2.49,2.69
2019/2/28,2.5,2.46,2.52,2.73
2019/3/1,2.52,2.47,2.56,2.76
2019/3/4,2.54,2.46,2.53,2.72
2019/3/5,2.53,2.46,2.53,2.72
2019/3/6,2.53,2.46,2.49,2.69
2019/3/7,2.52,2.44,2.44,2.64
2019/3/8,2.52,2.45,2.42,2.62
2019/3/11,2.54,2.45,2.44,2.64
2019/3/12,2.53,2.44,2.41,2.61
2019/3/13,2.53,2.45,2.42,2.61
2019/3/14,2.52,2.44,2.43,2.63
2019/3/15,2.52,2.44,2.4,2.59
2019/3/18,2.51,2.44,2.42,2.6
2019/3/19,2.52,2.42,2.42,2.61
2019/3/20,2.49,2.4,2.34,2.54
2019/3/21,2.5,2.41,2.34,2.54
2019/3/22,2.48,2.38,2.24,2.44
2019/3/25,2.49,2.35,2.21,2.43
2019/3/26,2.49,2.36,2.18,2.41
2019/3/27,2.46,2.32,2.18,2.39
2019/3/28,2.44,2.32,2.2,2.39
2019/3/29,2.44,2.32,2.23,2.41
2019/4/1,2.46,2.33,2.31,2.49
2019/4/2,2.45,2.33,2.28,2.48
2019/4/3,2.45,2.33,2.32,2.52
2019/4/4,2.46,2.33,2.32,2.51
2019/4/5,2.46,2.35,2.31,2.5
2019/4/8,2.48,2.35,2.33,2.52
2019/4/9,2.46,2.34,2.31,2.51
2019/4/10,2.46,2.33,2.28,2.48
2019/4/11,2.46,2.36,2.31,2.51
2019/4/12,2.47,2.36,2.38,2.56
2019/4/15,2.46,2.35,2.37,2.55
2019/4/16,2.47,2.37,2.41,2.6
2019/4/17,2.47,2.36,2.4,2.59
2019/4/18,2.47,2.36,2.38,2.57
2019/4/22,2.47,2.38,2.39,2.59
2019/4/23,2.46,2.35,2.36,2.57
2019/4/24,2.46,2.34,2.32,2.53
2019/4/25,2.46,2.34,2.33,2.54
2019/4/26,2.46,2.33,2.29,2.51
2019/4/29,2.47,2.34,2.32,2.54
2019/4/30,2.46,2.31,2.28,2.51
2019/5/1,2.44,2.31,2.31,2.52
2019/5/2,2.46,2.33,2.34,2.55
2019/5/3,2.46,2.33,2.33,2.54
2019/5/6,2.46,2.31,2.3,2.51
2019/5/7,2.46,2.3,2.25,2.45
2019/5/8,2.45,2.3,2.28,2.49
2019/5/9,2.46,2.29,2.25,2.45
2019/5/10,2.45,2.29,2.26,2.47
2019/5/13,2.42,2.25,2.18,2.4
2019/5/14,2.43,2.25,2.2,2.42
2019/5/15,2.43,2.24,2.15,2.37
2019/5/16,2.43,2.26,2.18,2.4
2019/5/17,2.42,2.26,2.17,2.39
2019/5/20,2.42,2.27,2.21,2.41
2019/5/21,2.42,2.28,2.23,2.43
2019/5/22,2.41,2.29,2.19,2.39
2019/5/23,2.4,2.24,2.11,2.31
2019/5/24,2.39,2.25,2.12,2.32
2019/5/28,2.38,2.24,2.06,2.26
2019/5/29,2.38,2.23,2.05,2.25
2019/5/30,2.4,2.22,2.03,2.22
2019/5/31,2.35,2.15,1.93,2.14
2019/6/3,2.31,2.06,1.83,2.07
2019/6/4,2.29,2.06,1.89,2.12
2019/6/5,2.25,1.99,1.86,2.12
2019/6/6,2.22,1.97,1.88,2.12
2019/6/7,2.15,1.92,1.85,2.09
2019/6/10,2.21,1.98,1.91,2.15
2019/6/11,2.21,2,1.92,2.15
2019/6/12,2.2,1.97,1.88,2.13
2019/6/13,2.18,1.95,1.84,2.1
2019/6/14,2.18,1.95,1.85,2.09
2019/6/17,2.2,1.99,1.85,2.09
2019/6/18,2.2,1.98,1.83,2.06
2019/6/19,2.11,1.9,1.77,2.03
2019/6/20,2.04,1.85,1.74,2.01
2019/6/21,2.05,1.89,1.8,2.07
2019/6/24,2.1,1.87,1.75,2.02
2019/6/25,2.1,1.88,1.73,2
2019/6/26,2.12,1.91,1.8,2.05
2019/6/27,2.12,1.88,1.76,2.01
2019/6/28,2.09,1.87,1.76,2
2019/7/1,2.1,1.89,1.79,2.03
2019/7/2,2.09,1.86,1.75,1.98
2019/7/3,2.08,1.86,1.74,1.96
2019/7/5,2.14,1.93,1.84,2.04
2019/7/8,2.14,1.94,1.86,2.05
2019/7/9,2.15,1.95,1.88,2.07
2019/7/10,2.07,1.88,1.82,2.07
2019/7/11,2.08,1.92,1.88,2.13
2019/7/12,2.07,1.91,1.86,2.12
2019/7/15,2.06,1.9,1.84,2.09
2019/7/16,2.06,1.94,1.88,2.13
2019/7/17,2.04,1.89,1.83,2.06
2019/7/18,2.01,1.84,1.78,2.04
2019/7/19,2.03,1.88,1.8,2.05
2019/7/22,2.08,1.89,1.8,2.05
2019/7/23,2.09,1.91,1.83,2.08
2019/7/24,2.08,1.92,1.82,2.05
2019/7/25,2.08,1.93,1.85,2.08
2019/7/26,2.1,1.94,1.85,2.08
2019/7/29,2.1,1.93,1.84,2.06
2019/7/30,2.07,1.92,1.84,2.06
2019/7/31,2.1,1.94,1.84,2.02
2019/8/1,2.04,1.83,1.68,1.9
2019/8/2,2.02,1.81,1.66,1.86
2019/8/5,1.99,1.74,1.55,1.75
2019/8/6,2,1.76,1.53,1.73
2019/8/7,1.95,1.72,1.52,1.71
2019/8/8,1.96,1.75,1.54,1.72
2019/8/9,1.95,1.74,1.57,1.74
2019/8/12,1.94,1.72,1.49,1.65
2019/8/13,1.96,1.8,1.57,1.68
2019/8/14,1.92,1.74,1.51,1.59
2019/8/15,1.86,1.67,1.42,1.52
2019/8/16,1.85,1.66,1.42,1.55
2019/8/19,1.9,1.7,1.47,1.6
2019/8/20,1.89,1.68,1.42,1.55
2019/8/21,1.9,1.72,1.47,1.59
2019/8/22,1.91,1.74,1.5,1.62
2019/8/23,1.87,1.69,1.4,1.52
2019/8/26,1.9,1.71,1.43,1.54
2019/8/27,1.94,1.73,1.4,1.49
2019/8/28,1.89,1.7,1.37,1.47
2019/8/29,1.89,1.71,1.4,1.5
2019/8/30,1.89,1.72,1.39,1.5
2019/9/3,1.88,1.69,1.35,1.47
2019/9/4,1.87,1.66,1.32,1.47
2019/9/5,1.88,1.7,1.43,1.57
2019/9/6,1.88,1.7,1.42,1.55
2019/9/9,1.87,1.71,1.49,1.63
2019/9/10,1.89,1.76,1.58,1.72
2019/9/11,1.88,1.74,1.6,1.75
2019/9/12,1.9,1.77,1.65,1.79
2019/9/13,1.92,1.82,1.75,1.9
2019/9/16,1.93,1.81,1.69,1.84
2019/9/17,1.93,1.82,1.66,1.81
2019/9/18,1.91,1.82,1.68,1.8
2019/9/19,1.92,1.83,1.66,1.79
2019/9/20,1.91,1.79,1.61,1.74
2019/9/23,1.93,1.76,1.59,1.72
2019/9/24,1.91,1.74,1.52,1.64
2019/9/25,1.9,1.77,1.6,1.73
2019/9/26,1.88,1.74,1.59,1.7
2019/9/27,1.85,1.7,1.56,1.69
2019/9/30,1.83,1.71,1.55,1.68
2019/10/1,1.81,1.69,1.51,1.65
2019/10/2,1.75,1.63,1.43,1.6
2019/10/3,1.66,1.55,1.34,1.54
2019/10/4,1.65,1.55,1.34,1.52
2019/10/7,1.73,1.61,1.38,1.56
2019/10/8,1.69,1.57,1.36,1.54
2019/10/9,1.69,1.55,1.4,1.59
2019/10/10,1.68,1.58,1.48,1.67
2019/10/11,1.68,1.62,1.59,1.76
2019/10/15,1.67,1.6,1.59,1.77
2019/10/16,1.64,1.55,1.57,1.75
2019/10/17,1.63,1.55,1.57,1.76
2019/10/18,1.63,1.54,1.56,1.76
2019/10/21,1.65,1.55,1.61,1.8
2019/10/22,1.64,1.55,1.6,1.78
2019/10/23,1.64,1.54,1.58,1.77
2019/10/24,1.65,1.55,1.58,1.77
2019/10/25,1.66,1.56,1.62,1.8
2019/10/28,1.65,1.56,1.66,1.85
2019/10/29,1.64,1.55,1.66,1.84
2019/10/30,1.62,1.55,1.61,1.78
2019/10/31,1.57,1.49,1.51,1.69
2019/11/1,1.55,1.49,1.55,1.73
2019/11/4,1.57,1.52,1.6,1.79
2019/11/5,1.58,1.57,1.66,1.86
2019/11/6,1.57,1.54,1.63,1.81
2019/11/7,1.58,1.54,1.74,1.92
2019/11/8,1.58,1.54,1.74,1.94
2019/11/12,1.59,1.54,1.73,1.92
2019/11/13,1.59,1.53,1.69,1.88
2019/11/14,1.58,1.51,1.63,1.82
2019/11/15,1.59,1.5,1.65,1.84
2019/11/18,1.58,1.5,1.63,1.81
2019/11/19,1.58,1.5,1.63,1.79
2019/11/20,1.58,1.5,1.58,1.73
2019/11/21,1.59,1.51,1.62,1.77
2019/11/22,1.59,1.52,1.62,1.77
2019/11/25,1.61,1.54,1.62,1.76
2019/11/26,1.62,1.55,1.58,1.74
2019/11/27,1.63,1.56,1.63,1.77
2019/11/29,1.63,1.56,1.62,1.78
2019/12/2,1.62,1.56,1.65,1.83
2019/12/3,1.57,1.53,1.54,1.72
2019/12/4,1.56,1.52,1.6,1.77
2019/12/5,1.55,1.52,1.62,1.8
2019/12/6,1.56,1.53,1.67,1.84
2019/12/9,1.58,1.52,1.67,1.83
2019/12/10,1.57,1.52,1.68,1.85
2019/12/11,1.58,1.51,1.64,1.79
2019/12/12,1.57,1.51,1.73,1.9
2019/12/13,1.56,1.49,1.66,1.82
2019/12/16,1.58,1.5,1.72,1.89
2019/12/17,1.58,1.49,1.71,1.89
2019/12/18,1.58,1.5,1.74,1.92
2019/12/19,1.57,1.48,1.73,1.92
2019/12/20,1.58,1.48,1.73,1.92
2019/12/23,1.6,1.49,1.75,1.93
2019/12/24,1.61,1.49,1.72,1.9
2019/12/26,1.61,1.49,1.72,1.9
2019/12/27,1.59,1.47,1.68,1.88
2019/12/30,1.6,1.53,1.68,1.9
2019/12/31,1.6,1.55,1.69,1.92
2020/1/2,1.57,1.52,1.67,1.88
2020/1/3,1.55,1.51,1.59,1.8
2020/1/6,1.56,1.5,1.61,1.81
2020/1/7,1.56,1.49,1.62,1.83
2020/1/8,1.56,1.51,1.67,1.87
2020/1/9,1.56,1.5,1.65,1.85
2020/1/10,1.55,1.49,1.63,1.83
2020/1/13,1.57,1.49,1.65,1.85
2020/1/14,1.57,1.49,1.63,1.82
2020/1/15,1.58,1.5,1.6,1.79
2020/1/16,1.56,1.5,1.63,1.81
2020/1/17,1.57,1.52,1.63,1.84
2020/1/21,1.57,1.5,1.57,1.78
2020/1/22,1.56,1.51,1.57,1.77
2020/1/23,1.56,1.51,1.55,1.74
2020/1/24,1.55,1.51,1.51,1.7
2020/1/27,1.57,1.5,1.44,1.61
2020/1/28,1.58,1.49,1.47,1.65
2020/1/29,1.57,1.47,1.41,1.6
2020/1/30,1.57,1.44,1.39,1.57
2020/1/31,1.54,1.41,1.32,1.51
2020/2/3,1.56,1.42,1.35,1.54
2020/2/4,1.57,1.44,1.42,1.61
2020/2/5,1.57,1.45,1.46,1.66
2020/2/6,1.58,1.47,1.45,1.65
2020/2/7,1.57,1.45,1.41,1.59
2020/2/10,1.58,1.42,1.38,1.56
2020/2/11,1.55,1.44,1.4,1.59
2020/2/12,1.56,1.45,1.45,1.62
2020/2/13,1.56,1.45,1.43,1.61
2020/2/14,1.56,1.45,1.42,1.59
2020/2/18,1.56,1.44,1.39,1.55
2020/2/19,1.56,1.44,1.41,1.56
2020/2/20,1.55,1.43,1.37,1.52
2020/2/21,1.53,1.4,1.3,1.46
2020/2/24,1.49,1.33,1.21,1.38
2020/2/25,1.47,1.27,1.16,1.33
2020/2/26,1.42,1.23,1.14,1.33
2020/2/27,1.33,1.15,1.11,1.3
2020/2/28,1.11,0.95,0.89,1.13
2020/3/2,0.95,0.87,0.88,1.1
2020/3/3,0.83,0.71,0.77,1.02
2020/3/4,0.68,0.58,0.75,1.02
2020/3/5,0.53,0.47,0.67,0.92
2020/3/6,0.41,0.38,0.58,0.74
2020/3/9,0.27,0.3,0.46,0.54
2020/3/10,0.43,0.42,0.63,0.76
2020/3/11,0.4,0.39,0.66,0.82
2020/3/12,0.37,0.38,0.66,0.88
2020/3/13,0.38,0.37,0.7,0.94
2020/3/16,0.29,0.28,0.49,0.73
2020/3/17,0.24,0.29,0.66,1.02
2020/3/18,0.08,0.19,0.79,1.18
2020/3/19,0.06,0.18,0.66,1.12
2020/3/20,0.05,0.13,0.52,0.92
2020/3/23,0.08,0.16,0.38,0.76
2020/3/24,0.09,0.25,0.52,0.84
2020/3/25,0.07,0.19,0.56,0.88
2020/3/26,0.04,0.13,0.51,0.83
2020/3/27,0.02,0.11,0.41,0.72
2020/3/30,0.12,0.14,0.39,0.7
2020/3/31,0.15,0.17,0.37,0.7
2020/4/1,0.14,0.16,0.37,0.62
2020/4/2,0.15,0.14,0.39,0.63
2020/4/3,0.15,0.15,0.39,0.62
2020/4/6,0.17,0.19,0.44,0.67
2020/4/7,0.2,0.19,0.48,0.75
2020/4/8,0.24,0.23,0.47,0.77
2020/4/9,0.24,0.25,0.41,0.73
2020/4/13,0.27,0.27,0.44,0.76
2020/4/14,0.24,0.25,0.42,0.76
2020/4/15,0.19,0.19,0.34,0.63
2020/4/16,0.18,0.17,0.35,0.61
2020/4/17,0.16,0.16,0.36,0.65
2020/4/20,0.15,0.15,0.35,0.63
2020/4/21,0.14,0.17,0.34,0.58
2020/4/22,0.14,0.16,0.37,0.63
2020/4/23,0.14,0.17,0.37,0.61
2020/4/24,0.14,0.18,0.36,0.6
2020/4/27,0.15,0.17,0.41,0.67
2020/4/28,0.13,0.16,0.37,0.62
2020/4/29,0.12,0.18,0.36,0.63
2020/4/30,0.11,0.16,0.36,0.64
2020/5/1,0.12,0.17,0.36,0.64
2020/5/4,0.14,0.16,0.36,0.64
2020/5/5,0.15,0.16,0.36,0.66
2020/5/6,0.16,0.16,0.37,0.72
2020/5/7,0.14,0.15,0.29,0.63
2020/5/8,0.15,0.15,0.33,0.69
2020/5/11,0.16,0.16,0.36,0.73
2020/5/12,0.16,0.16,0.34,0.69
2020/5/13,0.15,0.15,0.31,0.64
2020/5/14,0.15,0.15,0.31,0.63
2020/5/15,0.15,0.15,0.31,0.64
2020/5/18,0.15,0.17,0.38,0.73
2020/5/19,0.15,0.16,0.35,0.7
2020/5/20,0.14,0.16,0.34,0.68
2020/5/21,0.14,0.16,0.35,0.68
2020/5/22,0.16,0.17,0.34,0.66
2020/5/26,0.17,0.17,0.35,0.69
2020/5/27,0.17,0.18,0.34,0.68
2020/5/28,0.18,0.17,0.34,0.7
2020/5/29,0.18,0.17,0.3,0.65
2020/6/1,0.18,0.17,0.31,0.66
2020/6/2,0.18,0.17,0.32,0.68
2020/6/3,0.19,0.17,0.38,0.77
2020/6/4,0.18,0.17,0.4,0.82
2020/6/5,0.18,0.18,0.47,0.91
2020/6/8,0.19,0.19,0.45,0.88
2020/6/9,0.19,0.19,0.4,0.84
2020/6/10,0.19,0.18,0.33,0.75
2020/6/11,0.18,0.19,0.32,0.66
2020/6/12,0.18,0.18,0.33,0.71
2020/6/15,0.19,0.17,0.33,0.71
2020/6/16,0.19,0.18,0.34,0.75
2020/6/17,0.18,0.19,0.34,0.74
2020/6/18,0.17,0.19,0.34,0.71
2020/6/19,0.17,0.18,0.33,0.7
2020/6/22,0.18,0.17,0.34,0.71
2020/6/23,0.17,0.18,0.33,0.72
2020/6/24,0.17,0.17,0.33,0.69
2020/6/25,0.17,0.17,0.32,0.68
2020/6/26,0.17,0.17,0.3,0.64
2020/6/29,0.18,0.16,0.28,0.64
2020/6/30,0.18,0.16,0.29,0.66
2020/7/1,0.17,0.16,0.31,0.69
2020/7/2,0.16,0.16,0.29,0.68
2020/7/6,0.16,0.16,0.31,0.69
2020/7/7,0.17,0.15,0.29,0.65
2020/7/8,0.17,0.15,0.3,0.67
2020/7/9,0.16,0.15,0.28,0.62
2020/7/10,0.15,0.15,0.3,0.65
2020/7/13,0.15,0.16,0.3,0.64
2020/7/14,0.14,0.17,0.28,0.63
2020/7/15,0.15,0.15,0.28,0.64
2020/7/16,0.13,0.14,0.28,0.62
2020/7/17,0.13,0.14,0.29,0.64
2020/7/20,0.14,0.14,0.29,0.62
2020/7/21,0.13,0.15,0.27,0.61
2020/7/22,0.14,0.14,0.27,0.6
2020/7/23,0.13,0.14,0.27,0.59
2020/7/24,0.14,0.16,0.27,0.59
2020/7/27,0.14,0.14,0.3,0.62
2020/7/28,0.12,0.14,0.26,0.59
2020/7/29,0.12,0.13,0.25,0.58
2020/7/30,0.11,0.11,0.23,0.55
2020/7/31,0.1,0.11,0.21,0.55
2020/8/3,0.11,0.12,0.22,0.56
2020/8/4,0.11,0.14,0.19,0.52
2020/8/5,0.12,0.12,0.22,0.55
2020/8/6,0.11,0.14,0.21,0.55
2020/8/7,0.12,0.14,0.23,0.57
2020/8/10,0.13,0.13,0.24,0.59
2020/8/11,0.12,0.15,0.27,0.64
2020/8/12,0.12,0.13,0.3,0.69
2020/8/13,0.12,0.14,0.32,0.71
2020/8/14,0.12,0.13,0.29,0.71
2020/8/17,0.12,0.13,0.29,0.69
2020/8/18,0.13,0.13,0.27,0.67
2020/8/19,0.12,0.13,0.29,0.68
2020/8/20,0.13,0.12,0.26,0.65
2020/8/21,0.12,0.13,0.27,0.64
2020/8/24,0.12,0.14,0.28,0.65
2020/8/25,0.12,0.13,0.3,0.69
2020/8/26,0.12,0.12,0.28,0.69
2020/8/27,0.11,0.13,0.31,0.74
2020/8/28,0.11,0.12,0.28,0.74
2020/8/31,0.13,0.12,0.28,0.72
2020/9/1,0.13,0.12,0.26,0.68
2020/9/2,0.12,0.13,0.26,0.66
2020/9/3,0.12,0.12,0.24,0.63
2020/9/4,0.12,0.13,0.3,0.72
2020/9/8,0.14,0.15,0.28,0.69
2020/9/9,0.14,0.14,0.28,0.71
2020/9/10,0.12,0.15,0.26,0.68
2020/9/11,0.12,0.13,0.26,0.67
2020/9/14,0.13,0.14,0.27,0.68
2020/9/15,0.12,0.13,0.27,0.68
2020/9/16,0.12,0.12,0.28,0.69
2020/9/17,0.11,0.12,0.28,0.69
2020/9/18,0.12,0.13,0.29,0.7
2020/9/21,0.11,0.12,0.27,0.68
2020/9/22,0.11,0.12,0.27,0.68
2020/9/23,0.11,0.13,0.28,0.68
2020/9/24,0.11,0.12,0.27,0.67
2020/9/25,0.11,0.12,0.26,0.66
2020/9/28,0.11,0.12,0.26,0.67
2020/9/29,0.11,0.12,0.24,0.66
2020/9/30,0.11,0.12,0.28,0.69
2020/10/1,0.1,0.12,0.27,0.68
2020/10/2,0.11,0.12,0.28,0.7
2020/10/5,0.11,0.12,0.33,0.78
2020/10/6,0.11,0.14,0.32,0.76
2020/10/7,0.12,0.13,0.35,0.81
2020/10/8,0.12,0.13,0.33,0.78
2020/10/9,0.12,0.15,0.34,0.79
2020/10/13,0.12,0.13,0.31,0.74
2020/10/14,0.12,0.13,0.3,0.73
2020/10/15,0.12,0.12,0.32,0.74
2020/10/16,0.12,0.12,0.32,0.76
2020/10/19,0.11,0.13,0.34,0.78
2020/10/20,0.12,0.13,0.34,0.81
2020/10/21,0.12,0.13,0.36,0.83
2020/10/22,0.11,0.13,0.38,0.87
2020/10/23,0.11,0.12,0.37,0.85
2020/10/26,0.12,0.12,0.35,0.81
2020/10/27,0.11,0.12,0.34,0.79
2020/10/28,0.11,0.12,0.34,0.79
2020/10/29,0.1,0.12,0.38,0.85
2020/10/30,0.11,0.13,0.38,0.88
2020/11/2,0.11,0.13,0.38,0.87
2020/11/3,0.12,0.14,0.39,0.9
2020/11/4,0.1,0.12,0.33,0.78
2020/11/5,0.1,0.12,0.33,0.79
2020/11/6,0.11,0.12,0.36,0.83
2020/11/9,0.11,0.12,0.44,0.96
2020/11/10,0.11,0.12,0.46,0.98
2020/11/12,0.1,0.13,0.4,0.88
2020/11/13,0.1,0.12,0.41,0.89
2020/11/16,0.12,0.12,0.41,0.91
2020/11/17,0.1,0.12,0.39,0.87
2020/11/18,0.1,0.11,0.4,0.88
2020/11/19,0.1,0.11,0.39,0.86
2020/11/20,0.1,0.11,0.38,0.83
2020/11/23,0.08,0.1,0.39,0.86
2020/11/24,0.1,0.11,0.39,0.88
2020/11/25,0.09,0.11,0.39,0.88
2020/11/27,0.1,0.11,0.37,0.84
2020/11/30,0.09,0.11,0.36,0.84
2020/12/1,0.1,0.12,0.42,0.92
2020/12/2,0.1,0.11,0.42,0.95
2020/12/3,0.09,0.1,0.4,0.92
2020/12/4,0.1,0.11,0.42,0.97
2020/12/7,0.1,0.1,0.4,0.94
2020/12/8,0.09,0.1,0.39,0.92
2020/12/9,0.09,0.1,0.41,0.95
2020/12/10,0.09,0.1,0.39,0.92
2020/12/11,0.08,0.1,0.37,0.9
2020/12/14,0.08,0.1,0.37,0.9
2020/12/15,0.08,0.09,0.37,0.92
2020/12/16,0.09,0.09,0.37,0.92
2020/12/17,0.09,0.09,0.38,0.94
2020/12/18,0.09,0.09,0.39,0.95
2020/12/21,0.09,0.09,0.39,0.95
2020/12/22,0.09,0.09,0.37,0.93
2020/12/23,0.09,0.09,0.38,0.96
2020/12/24,0.09,0.1,0.37,0.94
2020/12/28,0.11,0.11,0.38,0.94
2020/12/29,0.12,0.11,0.37,0.94
2020/12/30,0.09,0.12,0.37,0.93
2020/12/31,0.09,0.1,0.36,0.93
2021/1/4,0.09,0.1,0.36,0.93
2021/1/5,0.09,0.1,0.38,0.96
2021/1/6,0.09,0.11,0.43,1.04
2021/1/7,0.09,0.11,0.46,1.08
2021/1/8,0.09,0.1,0.49,1.13
2021/1/11,0.1,0.1,0.5,1.15
2021/1/12,0.09,0.11,0.5,1.15
2021/1/13,0.1,0.12,0.48,1.1
2021/1/14,0.09,0.1,0.49,1.15
2021/1/15,0.1,0.1,0.46,1.11
2021/1/19,0.11,0.1,0.45,1.1
2021/1/20,0.1,0.1,0.45,1.1
2021/1/21,0.09,0.1,0.45,1.12
2021/1/22,0.1,0.1,0.44,1.1
2021/1/25,0.09,0.1,0.42,1.05
2021/1/26,0.09,0.09,0.42,1.05
2021/1/27,0.09,0.09,0.41,1.04
2021/1/28,0.08,0.08,0.42,1.07
2021/1/29,0.07,0.1,0.45,1.11
2021/2/1,0.08,0.08,0.42,1.09
2021/2/2,0.08,0.08,0.45,1.12
2021/2/3,0.06,0.08,0.46,1.15
2021/2/4,0.06,0.07,0.46,1.15
2021/2/5,0.05,0.06,0.47,1.19
2021/2/8,0.05,0.07,0.48,1.19
2021/2/9,0.06,0.07,0.48,1.18
2021/2/10,0.06,0.07,0.46,1.15
2021/2/11,0.06,0.07,0.46,1.16
2021/2/12,0.05,0.06,0.5,1.2
2021/2/16,0.06,0.08,0.57,1.3
2021/2/17,0.06,0.07,0.57,1.29
2021/2/18,0.04,0.06,0.56,1.29
2021/2/19,0.06,0.07,0.59,1.34
2021/2/22,0.04,0.06,0.61,1.37
2021/2/23,0.05,0.08,0.59,1.37
2021/2/24,0.05,0.08,0.62,1.38
2021/2/25,0.06,0.09,0.81,1.54
2021/2/26,0.05,0.08,0.75,1.44
2021/3/1,0.07,0.08,0.71,1.45
2021/3/2,0.06,0.08,0.67,1.42
2021/3/3,0.07,0.08,0.73,1.47
2021/3/4,0.07,0.08,0.77,1.54
2021/3/5,0.07,0.08,0.79,1.56
2021/3/8,0.06,0.09,0.86,1.59
2021/3/9,0.07,0.1,0.83,1.55
2021/3/10,0.06,0.08,0.8,1.53
2021/3/11,0.05,0.08,0.78,1.54
2021/3/12,0.06,0.09,0.85,1.64
2021/3/15,0.06,0.08,0.84,1.62
2021/3/16,0.06,0.07,0.83,1.62
2021/3/17,0.05,0.07,0.8,1.63
2021/3/18,0.03,0.07,0.86,1.71
2021/3/19,0.03,0.06,0.9,1.74
2021/3/22,0.05,0.06,0.87,1.69
2021/3/23,0.04,0.08,0.83,1.63
2021/3/24,0.04,0.07,0.83,1.62
2021/3/25,0.04,0.07,0.82,1.63
2021/3/26,0.04,0.06,0.85,1.67
2021/3/29,0.04,0.06,0.89,1.73
2021/3/30,0.04,0.06,0.9,1.73
2021/3/31,0.05,0.07,0.92,1.74
2021/4/1,0.04,0.06,0.9,1.69
2021/4/2,0.04,0.07,0.97,1.72
2021/4/5,0.04,0.06,0.94,1.73
2021/4/6,0.04,0.06,0.88,1.67
2021/4/7,0.04,0.06,0.87,1.68
2021/4/8,0.04,0.05,0.85,1.64
2021/4/9,0.03,0.06,0.87,1.67
2021/4/12,0.04,0.06,0.89,1.69
2021/4/13,0.05,0.06,0.85,1.64
2021/4/14,0.04,0.06,0.87,1.64
2021/4/15,0.04,0.06,0.81,1.56
2021/4/16,0.04,0.06,0.84,1.59
2021/4/19,0.04,0.07,0.85,1.61
2021/4/20,0.04,0.07,0.81,1.58
2021/4/21,0.04,0.07,0.81,1.57
2021/4/22,0.04,0.06,0.81,1.57
2021/4/23,0.03,0.07,0.83,1.58
2021/4/26,0.04,0.06,0.85,1.58
2021/4/27,0.04,0.06,0.88,1.63
2021/4/28,0.04,0.05,0.86,1.63
2021/4/29,0.04,0.05,0.86,1.65
2021/4/30,0.03,0.05,0.86,1.65
2021/5/3,0.04,0.06,0.84,1.63
2021/5/4,0.04,0.06,0.82,1.61
2021/5/5,0.04,0.06,0.8,1.59
2021/5/6,0.04,0.05,0.81,1.58
2021/5/7,0.04,0.05,0.77,1.6
2021/5/10,0.04,0.05,0.8,1.63
2021/5/11,0.04,0.05,0.8,1.64
2021/5/12,0.04,0.05,0.87,1.69
2021/5/13,0.03,0.05,0.84,1.66
2021/5/14,0.03,0.05,0.82,1.63
2021/5/17,0.04,0.05,0.84,1.64
2021/5/18,0.03,0.06,0.83,1.64
2021/5/19,0.03,0.05,0.87,1.68
2021/5/20,0.03,0.05,0.83,1.63
2021/5/21,0.02,0.04,0.84,1.63
2021/5/24,0.03,0.04,0.82,1.61
2021/5/25,0.04,0.04,0.79,1.56
2021/5/26,0.04,0.04,0.8,1.58
2021/5/27,0.04,0.04,0.81,1.61
2021/5/28,0.03,0.05,0.79,1.58
2021/6/1,0.04,0.04,0.81,1.62
2021/6/2,0.04,0.05,0.8,1.59
2021/6/3,0.04,0.04,0.84,1.63
2021/6/4,0.04,0.05,0.78,1.56
2021/6/7,0.04,0.05,0.79,1.57
2021/6/8,0.04,0.05,0.77,1.53
2021/6/9,0.04,0.05,0.75,1.5
2021/6/10,0.04,0.05,0.73,1.45
2021/6/11,0.04,0.05,0.76,1.47
2021/6/14,0.05,0.05,0.8,1.51
2021/6/15,0.05,0.08,0.79,1.51
2021/6/16,0.06,0.08,0.89,1.57
2021/6/17,0.06,0.08,0.9,1.52
2021/6/18,0.06,0.09,0.89,1.45
2021/6/21,0.06,0.09,0.9,1.5
2021/6/22,0.06,0.09,0.87,1.48
2021/6/23,0.05,0.08,0.9,1.5
2021/6/24,0.05,0.08,0.9,1.49
2021/6/25,0.06,0.08,0.92,1.54
2021/6/28,0.06,0.08,0.9,1.49
2021/6/29,0.06,0.07,0.89,1.49
2021/6/30,0.06,0.07,0.87,1.45
2021/7/1,0.05,0.08,0.89,1.48
2021/7/2,0.05,0.07,0.86,1.44
2021/7/6,0.06,0.07,0.81,1.37
2021/7/7,0.05,0.07,0.79,1.33
2021/7/8,0.06,0.07,0.74,1.3
2021/7/9,0.05,0.07,0.79,1.37
2021/7/12,0.06,0.07,0.81,1.38
2021/7/13,0.06,0.08,0.85,1.42
2021/7/14,0.05,0.08,0.8,1.37
2021/7/15,0.05,0.07,0.78,1.31
2021/7/16,0.05,0.08,0.79,1.31
2021/7/19,0.06,0.07,0.7,1.19
2021/7/20,0.06,0.08,0.69,1.23
2021/7/21,0.05,0.07,0.74,1.3
2021/7/22,0.05,0.07,0.71,1.27
2021/7/23,0.05,0.07,0.72,1.3
2021/7/26,0.06,0.08,0.73,1.29
2021/7/27,0.05,0.07,0.71,1.25
2021/7/28,0.05,0.07,0.72,1.26
2021/7/29,0.05,0.07,0.73,1.28
2021/7/30,0.05,0.07,0.69,1.24
2021/8/2,0.06,0.07,0.66,1.2
2021/8/3,0.06,0.07,0.65,1.19
2021/8/4,0.05,0.07,0.67,1.19
2021/8/5,0.06,0.08,0.72,1.23
2021/8/6,0.06,0.08,0.77,1.31
2021/8/9,0.06,0.07,0.79,1.33
2021/8/10,0.05,0.08,0.82,1.36
2021/8/11,0.06,0.08,0.81,1.35
2021/8/12,0.06,0.09,0.83,1.36
2021/8/13,0.05,0.08,0.79,1.29
2021/8/16,0.05,0.08,0.75,1.26
2021/8/17,0.06,0.07,0.77,1.26
2021/8/18,0.05,0.07,0.79,1.27
2021/8/19,0.05,0.06,0.78,1.24
2021/8/20,0.05,0.06,0.8,1.26
2021/8/23,0.06,0.07,0.78,1.25
2021/8/24,0.05,0.06,0.8,1.29
2021/8/25,0.06,0.07,0.84,1.35
2021/8/26,0.06,0.06,0.84,1.34
2021/8/27,0.05,0.07,0.79,1.31
2021/8/30,0.05,0.07,0.77,1.29
2021/8/31,0.06,0.07,0.77,1.3
2021/9/1,0.06,0.07,0.78,1.31
2021/9/2,0.06,0.07,0.78,1.29
2021/9/3,0.05,0.07,0.78,1.33
2021/9/7,0.06,0.08,0.82,1.38
2021/9/8,0.06,0.08,0.81,1.35
2021/9/9,0.05,0.07,0.79,1.3
2021/9/10,0.06,0.08,0.82,1.35
2021/9/13,0.06,0.07,0.81,1.33
2021/9/14,0.05,0.07,0.79,1.28
2021/9/15,0.05,0.07,0.81,1.31
2021/9/16,0.05,0.07,0.84,1.34
2021/9/17,0.05,0.07,0.88,1.37
2021/9/20,0.05,0.07,0.83,1.31
2021/9/21,0.04,0.07,0.84,1.33
2021/9/22,0.05,0.08,0.86,1.32
2021/9/23,0.04,0.07,0.94,1.41
2021/9/24,0.05,0.07,0.97,1.47
2021/9/27,0.05,0.08,0.98,1.48
2021/9/28,0.06,0.08,1.02,1.54
2021/9/29,0.05,0.08,1.01,1.55
2021/9/30,0.05,0.08,0.98,1.52
2021/10/1,0.05,0.08,0.93,1.48
2021/10/4,0.06,0.08,0.95,1.49
2021/10/5,0.06,0.09,0.98,1.54
2021/10/6,0.06,0.1,0.99,1.53
2021/10/7,0.06,0.1,1.02,1.58
2021/10/8,0.07,0.09,1.05,1.61
2021/10/12,0.06,0.1,1.08,1.59
2021/10/13,0.06,0.1,1.09,1.56
2021/10/14,0.06,0.09,1.05,1.52
2021/10/15,0.06,0.11,1.13,1.59
2021/10/18,0.06,0.1,1.16,1.59
2021/10/19,0.06,0.1,1.17,1.65
